ID,number_of_messages,mean_time
004,26,5
007,1,119
008,29,4.48276
025,33,3.93939
046,3,42.3333
109,4,32.5
128,4,32.25
181,31,4.19355
182,30,4.33333
201,25,5.2
202,27,4.81481
204,3,42.3333
207,7,18.2857
224,26,5
227,7,18.2857
247,1,119
305,7,18.4286
307,1,119
308,4,32.25
325,7,18.4286
328,4,32.25
345,4,32.25
368,4,32.25
388,4,32.25
3A8,4,32.25
430,2,62.5
441,1,119
