ID,number_of_messages,mean_time
004,29,3.72414
005,1,108
008,30,3.6
025,36,3
046,3,35.6667
108,1,98
109,3,35
121,1,103
128,3,34.6667
181,23,4.6087
182,23,4.6087
201,29,3.72414
202,29,3.72414
204,3,35.6667
207,7,15.1429
224,28,3.85714
227,7,15.1429
305,7,15.1429
308,3,34.6667
309,4,25.5
30A,2,53
325,7,15.1429
328,3,34.6667
32A,2,53
345,3,34.6667
368,3,34.6667
388,3,34.6667
3A8,3,34.6667
421,1,103
430,2,53
