ID,number_of_messages,mean_time
004,33,1.84848
005,3,16.3333
007,1,58
008,34,1.79412
025,42,1.45238
046,4,15.25
108,1,50
109,4,14.75
128,4,14.5
181,29,2.06897
182,30,2.03333
201,33,1.84848
202,33,1.84848
204,4,15.25
207,7,8.57143
224,33,1.84848
227,7,8.57143
247,1,58
305,7,8.57143
307,1,58
308,4,14.5
30A,1,45
325,7,8.57143
328,4,14.5
32A,1,44
345,3,19.3333
348,1,50
368,4,14.75
388,4,14.75
3A8,4,14.75
3C8,1,49
430,2,27.5
441,1,58
461,1,50
